t,a
0,-0.06729
0.02,0.0865
0.04,0.18848
0.06,0.25133
0.08,0.24538
0.1,0.04385
0.12,-0.06348
0.14,-0.12416
0.16,-0.12217
0.18,-0.09068
0.2,-0.12919
0.22,-0.07186
0.24,-0.00212
0.26,-0.07007
0.28,-0.2082
0.3,-0.06409
0.32,0.17342
0.34,0.11151
0.36,0.01071
0.38,-0.03157
0.4,-0.0204
0.42,0.06015
0.44,0.16767
0.46,0.26371
0.48,-0.08084
0.5,-0.42696
0.52,-0.30321
0.54,-0.15045
0.56,-0.1738
0.58,-0.09617
0.6,0.09944
0.62,0.16545
0.64,0.19233
0.66,0.36139
0.68,0.36211
0.7,-0.11717
0.72,-0.16164
0.74,0.10201
0.76,0.16649
0.78,0.24134
0.8,0.17675
0.82,0.01911
0.84,-0.29291
0.86,0.00912
0.88,0.30546
0.9,-0.39713
0.92,-0.19283
0.94,0.07712
0.96,0.03444
0.98,0.46381
1,0.33609
1.02,0.16208
1.04,0.27567
1.06,-0.07814
1.08,-0.76651
1.1,-0.56961
1.12,0.23965
1.14,0.33102
1.16,0.07387
1.18,-0.25183
1.2,-0.20951
1.22,0.03073
1.24,-0.23166
1.26,-0.33061
1.28,0.07087
1.3,0.12439
1.32,0.00155
1.34,0.00967
1.36,0.14616
1.38,0.29402
1.4,0.20239
1.42,-0.21527
1.44,-0.44386
1.46,-0.02691
1.48,0.07702
1.5,0.02389
1.52,-0.11677
1.54,-0.17892
1.56,0.1698
1.58,0.45089
1.6,0.22447
1.62,-0.08362
1.64,-0.10405
1.66,-0.2896
1.68,-0.44472
1.7,0.0661
1.72,0.23049
1.74,-0.07352
1.76,-0.26183
1.78,-0.09552
1.8,0.33502
1.82,-0.10074
1.84,-0.61136
1.86,-0.18667
1.88,0.51427
1.9,0.45775
1.92,0.00466
1.94,-0.0458
1.96,-0.02874
1.98,-0.05023
2,-0.10154
2.02,-0.192
2.04,0.08083
2.06,0.17125
2.08,-0.36293
2.1,-0.35712
2.12,0.22881
2.14,0.54507
2.16,0.25753
2.18,-0.38685
2.2,-0.43088
2.22,0.18698
2.24,0.34767
2.26,-0.17971
2.28,-0.25017
2.3,-0.1077
2.32,0.0318
2.34,0.32208
2.36,0.29704
2.38,0.00982
2.4,0.01081
2.42,0.02978
2.44,-0.03422
2.46,-0.05063
2.48,0.01097
2.5,0.16278
2.52,-0.09123
2.54,-0.38763
2.56,-0.27684
2.58,0.33257
2.6,0.35043
2.62,0.02159
2.64,-0.10759
2.66,0.11791
2.68,0.27817
2.7,0.05034
2.72,0.13057
2.74,0.1646
2.76,-0.07195
2.78,-0.22211
2.8,-0.20729
2.82,-0.16068
2.84,-0.09101
2.86,0.09075
2.88,0.1761
2.9,0.07176
2.92,-0.01674
2.94,-0.44808
2.96,-0.5421
2.98,-0.0016
3,0.40972
3.02,0.25583
3.04,0.25221
3.06,0.4301
3.08,-0.00402
3.1,-0.34748
3.12,-0.16043
3.14,0.17536
3.16,-0.19269
3.18,-0.59576
3.2,-0.38533
3.22,-0.24485
3.24,-0.33371
3.26,0.11634
3.28,0.65452
3.3,0.56336
3.32,0.26014
3.34,-0.26502
3.36,-0.12767
3.38,0.12161
3.4,0.41965
3.42,0.21324
3.44,-0.51813
3.46,-0.45779
3.48,-0.04331
3.5,0.28659
3.52,0.09972
3.54,-0.24534
3.56,-0.26301
3.58,-0.23155
3.6,-0.30919
3.62,-0.20464
3.64,0.03643
3.66,0.18099
3.68,0.20179
3.7,0.14739
3.72,-0.51352
3.74,-0.88505
3.76,-0.07054
3.78,0.23796
3.8,0.04129
3.82,-0.09173
3.84,-0.07557
3.86,0.16681
3.88,0.29774
3.9,0.06918
3.92,0.09893
3.94,0.23626
3.96,0.06376
3.98,0.04072
4,0.07561
4.02,0.16562
4.04,0.19584
4.06,0.204
4.08,0.06453
4.1,-0.22972
4.12,-0.42076
4.14,-0.18096
4.16,0.63021
4.18,0.63828
4.2,0.20588
4.22,0.15419
4.24,0.28932
4.26,-0.08077
4.28,-0.57043
4.3,-0.14711
4.32,0.08188
4.34,0.12407
4.36,0.07304
4.38,-0.05
4.4,-0.2149
4.42,-0.32274
4.44,-0.23672
4.46,-0.00883
4.48,0.17199
4.5,0.17173
4.52,0.17124
4.54,0.24598
4.56,0.22213
4.58,0.13466
4.6,0.21088
4.62,0.34085
4.64,0.29625
4.66,-0.37466
4.68,-1.12368
4.7,-1.05749
4.72,0.06983
4.74,0.38263
4.76,-0.00881
4.78,0.4854
4.8,0.78463
4.82,0.483
4.84,0.0738
4.86,0.18037
4.88,0.4853
4.9,0.02014
4.92,-0.93988
4.94,-0.5661
4.96,0.37085
4.98,0.13918
5,-0.57342
5.02,-0.62319
5.04,0.03168
5.06,-0.13932
5.08,-0.63078
5.1,-0.83855
5.12,-0.56981
5.14,0.04247
5.16,0.56276
5.18,0.50532
5.2,0.12713
5.22,0.30331
5.24,0.43828
5.26,0.64692
5.28,-0.10576
5.3,-0.6268
5.32,-0.08089
5.34,0.04347
5.36,-0.05855
5.38,0.26296
5.4,1.29366
5.42,0.84177
5.44,0.16019
5.46,0.19607
5.48,0.15063
5.5,0.00673
5.52,0.09704
5.54,0.62602
5.56,0.52569
5.58,0.18342
5.6,0.25721
5.62,0.22144
5.64,0.25481
5.66,0.10436
5.68,-0.2385
5.7,-0.31842
5.72,-0.39367
5.74,-0.40048
5.76,-0.33956
5.78,0.20412
5.8,0.61715
5.82,0.30346
5.84,-0.1835
5.86,-0.28274
5.88,-0.39581
5.9,-0.60631
5.92,-0.55982
5.94,-0.45482
5.96,-0.10231
5.98,0.40275
6,0.30529
6.02,0.30184
6.04,-0.18449
6.06,-0.25836
6.08,0.13853
6.1,-0.31265
6.12,-0.49345
6.14,-0.13326
6.16,0.25681
6.18,0.10119
6.2,-0.0564
6.22,-0.01852
6.24,-0.3349
6.26,-0.68951
6.28,-0.49084
6.3,-0.42716
6.32,-0.47081
6.34,-0.10731
6.36,0.08868
6.38,0.02124
6.4,-0.08061
6.42,0.05815
6.44,0.03255
6.46,-0.51862
6.48,-0.4995
6.5,0.30949
6.52,0.78358
6.54,0.29442
6.56,-0.35821
6.58,-0.28371
6.6,0.19003
6.62,0.48002
6.64,0.4284
6.66,0.28809
6.68,0.04298
6.7,-0.24905
6.72,-0.42226
6.74,-0.48796
6.76,-0.55774
6.78,-0.28993
6.8,0.24
6.82,0.24055
6.84,0.2267
6.86,0.38072
6.88,0.50629
6.9,0.51701
6.92,0.50244
6.94,0.32028
6.96,-0.19676
6.98,-0.39905
7,-0.23676
7.02,0.07253
7.04,-0.0054
7.06,-0.24544
7.08,-0.31187
7.1,-0.08412
7.12,0.06983
7.14,-0.22469
7.16,-0.23423
7.18,0.37515
7.2,0.68573
7.22,0.19782
7.24,-0.28354
7.26,-0.33017
7.28,-0.62132
7.3,-0.49561
7.32,0.16809
7.34,0.39332
7.36,-0.10118
7.38,-0.97036
7.4,-0.90974
7.42,0.13968
7.44,0.6808
7.46,0.25017
7.48,-0.1164
7.5,-0.19545
7.52,-0.15668
7.54,-0.32808
7.56,-0.60417
7.58,-0.48652
7.6,-0.07786
7.62,0.06806
7.64,0.06695
7.66,0.09295
7.68,0.08802
7.7,0.0682
7.72,0.11777
7.74,0.23683
7.76,0.62251
7.78,0.75148
7.8,-0.49115
7.82,-0.90126
7.84,0.09488
7.86,0.43925
7.88,0.32183
7.9,0.20536
7.92,0.09303
7.94,-0.05992
7.96,-0.15054
7.98,-0.01936
8,0.13035
8.02,0.14915
8.04,0.25957
8.06,-0.0734
8.08,-0.59007
8.1,-0.39859
8.12,0.03914
8.14,0.4345
8.16,0.4826
8.18,-0.02699
8.2,-0.07786
8.22,0.05939
8.24,0.16636
8.26,0.02674
8.28,-0.30827
8.3,0.29477
8.32,0.39651
8.34,-0.21856
8.36,-0.31733
8.38,0.18644
8.4,0.94991
8.42,0.6128
8.44,0.04316
8.46,-0.24401
8.48,-0.06265
8.5,0.53655
8.52,0.38942
8.54,-0.05596
8.56,-0.03297
8.58,0.4937
8.6,0.8467
8.62,0.6592
8.64,0.08508
8.66,-0.16215
8.68,-0.20687
8.7,-0.28074
8.72,-0.24907
8.74,-0.16348
8.76,-0.16406
8.78,-0.16307
8.8,0.30851
8.82,0.46485
8.84,-0.09165
8.86,-0.36247
8.88,-0.29239
8.9,0.01011
8.92,0.24516
8.94,0.21128
8.96,0.15243
8.98,0.05526
9,-0.04667
9.02,-0.11944
9.04,-0.20831
9.06,-0.40806
9.08,-0.34503
9.1,0.27777
9.12,0.82569
9.14,0.6923
9.16,0.52144
9.18,0.54289
9.2,0.27972
9.22,-0.3183
9.24,-0.65003
9.26,-0.4337
9.28,0.05733
9.3,0.20915
9.32,0.25571
9.34,0.44038
9.36,0.52754
9.38,0.40515
9.4,-0.05508
9.42,-0.08422
9.44,0.16915
9.46,0.18562
9.48,-0.11919
9.5,-0.04163
9.52,0.41961
9.54,0.37032
9.56,-0.19586
9.58,-0.49233
9.6,-0.81455
9.62,-0.99857
9.64,0.51946
9.66,1.17315
9.68,0.13721
9.7,-0.90648
9.72,-1.55954
9.74,-0.92289
9.76,0.82535
9.78,1.73115
9.8,-0.11366
9.82,-2.27667
9.84,-2.25762
9.86,-1.29025
9.88,0.04394
9.9,0.57332
9.92,-0.02337
9.94,0.07379
9.96,0.55399
9.98,0.46714
10,0.15123
10.02,-0.08183
10.04,-0.21766
10.06,-0.33016
10.08,-0.54047
10.1,-0.52663
10.12,-0.40376
10.14,-0.31642
10.16,-0.65303
10.18,-0.77741
10.2,0.03773
10.22,0.52217
10.24,0.09278
10.26,-0.23394
10.28,-0.09378
10.3,0.11036
10.32,0.3316
10.34,0.44605
10.36,0.4976
10.38,0.61083
10.4,0.88938
10.42,0.44567
10.44,-0.50005
10.46,-0.90495
10.48,-0.87275
10.5,-0.32647
10.52,0.06977
10.54,0.36914
10.56,0.60461
10.58,0.31168
10.6,0.09312
10.62,0.02759
10.64,0.00808
10.66,-0.1175
10.68,-0.55197
10.7,-0.61932
10.72,0.10689
10.74,0.75652
10.76,0.61348
10.78,0.28159
10.8,0.24089
10.82,0.07478
10.84,-0.13714
10.86,-0.06896
10.88,0.10231
10.9,0.11405
10.92,0.08292
10.94,0.10794
10.96,0.12401
10.98,0.08208
11,-0.00734
11.02,-0.01411
11.04,-0.07358
11.06,-0.08158
11.08,0.00122
11.1,0.18847
11.12,0.23747
11.14,0.09329
11.16,-0.03225
11.18,-0.08082
11.2,-0.03496
11.22,0.06824
11.24,0.10035
11.26,-0.02656
11.28,-0.12892
11.3,-0.10195
11.32,-0.02386
11.34,-0.10286
11.36,-0.15914
11.38,-0.03672
11.4,0.26557
11.42,0.35272
11.44,0.32272
11.46,0.38328
11.48,0.47681
11.5,0.22365
11.52,-0.11792
11.54,-0.13383
11.56,0.05299
11.58,0.1951
11.6,0.07601
11.62,-0.01189
11.64,-0.02753
11.66,0.04489
11.68,0.09078
11.7,0.13625
11.72,0.15838
11.74,0.16069
11.76,0.14903
11.78,0.09824
11.8,0.00222
11.82,-0.06628
11.84,-0.09112
11.86,-0.12538
11.88,-0.20726
11.9,-0.16128
11.92,-0.02271
11.94,0.0568
11.96,0.04652
11.98,-0.17448
12,-0.30681
12.02,-0.31117
12.04,-0.29115
12.06,-0.28435
12.08,-0.2027
12.1,-0.18973
12.12,-0.25434
12.14,-0.23836
12.16,-0.24997
12.18,-0.29303
12.2,-0.21058
12.22,-0.04576
12.24,0.0117
12.26,-0.00781
12.28,0.00459
12.3,0.01158
12.32,-0.04567
12.34,-0.09029
12.36,-0.07444
12.38,-0.0331
12.4,-0.06833
12.42,-0.13923
12.44,-0.22979
12.46,-0.1958
12.48,0.01488
12.5,0.16422
12.52,0.17766
12.54,0.11908
12.56,0.02634
12.58,-0.07699
12.6,-0.09145
12.62,-0.03157
12.64,-0.01399
12.66,-0.1073
12.68,-0.27485
12.7,-0.29765
12.72,-0.19602
12.74,-0.15222
12.76,-0.10537
12.78,-0.07709
12.8,-0.09345
12.82,-0.03452
12.84,0.14075
12.86,0.31994
12.88,0.33727
12.9,0.28429
12.92,0.21349
12.94,0.10671
12.96,-0.01007
12.98,-0.05178
13,0.02725
13.02,0.12939
13.04,0.15667
13.06,0.08291
13.08,-0.00653
13.1,-0.04307
13.12,-0.07364
13.14,-0.1076
13.16,-0.09264
13.18,-0.08971
13.2,-0.08109
13.22,-0.06682
13.24,-0.06163
13.26,-0.10342
13.28,-0.13225
13.3,-0.00521
13.32,0.13865
13.34,0.16196
13.36,0.10293
13.38,0.05158
13.4,0.07734
13.42,0.21062
13.44,0.28061
13.46,0.17528
13.48,0.01367
13.5,-0.03639
13.52,0.0869
13.54,0.19613
13.56,0.18869
13.58,0.1875
13.6,0.17506
13.62,0.18772
13.64,0.30652
13.66,0.36009
13.68,0.361
13.7,0.37796
13.72,0.40891
13.74,0.44097
13.76,0.47707
13.78,0.41287
13.8,0.27392
13.82,0.1674
13.84,0.32209
13.86,0.53845
13.88,0.54577
13.9,0.45148
13.92,0.36854
13.94,0.3729
13.96,0.32052
13.98,0.28013
14,0.20779
14.02,0.1011
14.04,-0.00529
14.06,-0.09008
14.08,-0.12475
14.1,-0.15819
14.12,-0.19035
14.14,-0.25827
14.16,-0.32163
14.18,-0.31898
14.2,-0.29884
14.22,-0.34152
14.24,-0.41184
14.26,-0.39522
14.28,-0.31755
14.3,-0.2896
14.32,-0.35631
14.34,-0.41907
14.36,-0.42385
14.38,-0.37295
14.4,-0.32483
14.42,-0.24982
14.44,-0.16055
14.46,-0.10713
14.48,-0.12519
14.5,-0.17701
14.52,-0.21541
14.54,-0.25064
14.56,-0.20747
14.58,-0.19395
14.6,-0.25277
14.62,-0.35309
14.64,-0.38525
14.66,-0.26752
14.68,-0.1
14.7,0.00673
14.72,0.02482
14.74,-0.0602
14.76,-0.16539
14.78,-0.21264
14.8,-0.1749
14.82,-0.14934
14.84,-0.20865
14.86,-0.287
14.88,-0.29474
14.9,-0.2748
14.92,-0.23792
14.94,-0.16127
14.96,-0.08163
14.98,-0.04656
15,-0.05393
15.02,-0.07759
15.04,-0.05516
15.06,0.01066
15.08,0.0789
15.1,0.09999
15.12,0.04288
15.14,0.04663
15.16,0.15649
15.18,0.30036
15.2,0.34189
15.22,0.25874
15.24,0.11947
15.26,0.01825
15.28,-0.06346
15.3,-0.07704
15.32,0.0108
15.34,0.10949
15.36,0.16141
15.38,0.15839
15.4,0.13947
15.42,0.1348
15.44,0.13434
15.46,0.1412
15.48,0.16719
15.5,0.1798
15.52,0.20136
15.54,0.26268
15.56,0.33439
15.58,0.30467
15.6,0.17678
15.62,0.07794
15.64,0.04967
15.66,0.0762
15.68,0.10597
15.7,0.10403
15.72,0.13791
15.74,0.15288
15.76,0.15201
15.78,0.15391
15.8,0.12044
15.82,0.06999
15.84,0.06401
15.86,0.11104
15.88,0.16809
15.9,0.18792
15.92,0.18416
15.94,0.19982
15.96,0.25466
15.98,0.28391
16,0.15629
16.02,-0.06885
16.04,-0.18664
16.06,-0.16787
16.08,-0.12795
16.1,-0.10983
16.12,-0.08343
16.14,-0.04976
16.16,-0.04948
16.18,-0.05812
16.2,-0.0451
16.22,0.002
16.24,0.03624
16.26,0.0186
16.28,-0.02811
16.3,-0.05588
16.32,-0.02267
16.34,0.03635
16.36,0.01745
16.38,-0.03145
16.4,-0.08434
16.42,-0.12064
16.44,-0.1128
16.46,-0.08303
16.48,-0.04557
16.5,-0.04218
16.52,-0.08059
16.54,-0.13685
16.56,-0.194
16.58,-0.20976
16.6,-0.22719
16.62,-0.26687
16.64,-0.29622
16.66,-0.30376
16.68,-0.27735
16.7,-0.30012
16.72,-0.33606
16.74,-0.30525
16.76,-0.22018
16.78,-0.15207
16.8,-0.1177
16.82,-0.08073
16.84,-0.07277
16.86,-0.09539
16.88,-0.08972
16.9,-0.04054
16.92,0.00757
16.94,0.04161
16.96,0.05392
16.98,0.10968
17,0.17299
17.02,0.19964
17.04,0.20431
17.06,0.18776
17.08,0.13676
17.1,0.10188
17.12,0.10803
17.14,0.12668
17.16,0.14102
17.18,0.10491
17.2,0.10071
17.22,0.15106
17.24,0.18292
17.26,0.15088
17.28,0.11693
17.3,0.06964
17.32,0.01173
17.34,-0.01702
17.36,-0.02899
17.38,-0.05276
17.4,-0.02583
17.42,-0.01579
17.44,-0.05968
17.46,-0.06722
17.48,-0.08515
17.5,-0.06124
17.52,0.00447
17.54,0.03326
17.56,-0.03665
17.58,-0.10001
17.6,-0.10451
17.62,-0.07176
17.64,-0.05906
17.66,-0.06658
17.68,-0.04839
17.7,-0.01847
17.72,0.01113
17.74,0.04006
17.76,0.05647
17.78,0.05999
17.8,0.0554
17.82,0.01728
17.84,-0.02285
17.86,0.02028
17.88,0.10519
17.9,0.17107
17.92,0.20659
17.94,0.15719
17.96,0.08716
17.98,0.03632
18,0.06301
18.02,0.1283
18.04,0.17505
18.06,0.15273
18.08,0.08131
18.1,0.02602
18.12,0.01906
18.14,-0.00485
18.16,-0.02142
18.18,0.0139
18.2,0.00796
18.22,0.01676
18.24,0.05991
18.26,0.10387
18.28,0.13643
18.3,0.13137
18.32,0.09977
18.34,0.08837
18.36,0.07272
18.38,0.07022
18.4,0.08655
18.42,0.13072
18.44,0.14613
18.46,0.12235
18.48,0.06952
18.5,0.03882
18.52,0.0449
18.54,0.02083
18.56,-0.0206
18.58,-0.05643
18.6,-0.09109
18.62,-0.10526
18.64,-0.1159
18.66,-0.14016
18.68,-0.15526
18.7,-0.16298
18.72,-0.16713
18.74,-0.18179
18.76,-0.14529
18.78,-0.12397
18.8,-0.16728
18.82,-0.18033
18.84,-0.13749
18.86,-0.13061
18.88,-0.12505
18.9,-0.09359
18.92,-0.04444
18.94,-0.0029
18.96,0.00548
18.98,0.03024
19,0.05948
19.02,0.04982
19.04,0.0156
19.06,-0.02243
19.08,-0.06562
19.1,-0.09155
19.12,-0.09605
19.14,-0.10522
19.16,-0.10442
19.18,-0.10477
19.2,-0.10379
19.22,-0.10434
19.24,-0.10194
19.26,-0.10299
19.28,-0.1085
19.3,-0.12605
19.32,-0.15573
19.34,-0.11759
19.36,-0.06649
19.38,-0.05528
19.4,-0.07181
19.42,-0.08312
19.44,-0.09655
19.46,-0.11906
19.48,-0.12489
19.5,-0.09916
19.52,-0.04882
19.54,-0.01543
19.56,0.01079
19.58,0.01728
19.6,-0.0324
19.62,-0.09603
19.64,-0.13021
19.66,-0.13202
19.68,-0.1349
19.7,-0.12091
19.72,-0.0899
19.74,-0.09206
19.76,-0.11621
19.78,-0.13646
19.8,-0.11677
19.82,-0.10909
19.84,-0.09218
19.86,-0.02245
19.88,0.05092
19.9,0.08275
19.92,0.06312
19.94,0.05356
19.96,0.0788
19.98,0.11078
20,0.1378
20.02,0.18745
20.04,0.26638
20.06,0.30601
20.08,0.29433
20.1,0.29779
20.12,0.31547
20.14,0.34546
20.16,0.37025
20.18,0.36612
20.2,0.35403
20.22,0.35945
20.24,0.36286
20.26,0.33833
20.28,0.32802
20.3,0.31379
20.32,0.29191
20.34,0.26039
20.36,0.23068
20.38,0.18004
20.4,0.13847
20.42,0.12785
20.44,0.12966
20.46,0.1329
20.48,0.12617
20.5,0.12994
20.52,0.0972
20.54,0.05679
20.56,0.01591
20.58,0.00087
20.6,-0.0117
20.62,-0.02951
20.64,-0.05079
20.66,-0.11304
20.68,-0.1875
20.7,-0.21792
20.72,-0.18641
20.74,-0.14788
20.76,-0.1378
20.78,-0.17167
20.8,-0.18964
20.82,-0.19198
20.84,-0.18836
20.86,-0.21072
20.88,-0.23454
20.9,-0.24419
20.92,-0.24531
20.94,-0.22308
20.96,-0.16312
20.98,-0.10322
21,-0.07406
21.02,-0.07647
21.04,-0.0799
21.06,-0.0718
21.08,-0.05655
21.1,-0.03816
21.12,-0.0379
21.14,-0.02096
21.16,-0.01804
21.18,-0.00715
21.2,-0.00463
21.22,0.01376
21.24,0.02894
21.26,0.07147
21.28,0.10759
21.3,0.07851
21.32,0.03598
21.34,0.05349
21.36,0.11266
21.38,0.14206
21.4,0.12924
21.42,0.10528
21.44,0.10748
21.46,0.13499
21.48,0.18408
21.5,0.20455
21.52,0.18105
21.54,0.13342
21.56,0.12045
21.58,0.117
21.6,0.07763
21.62,0.02316
21.64,-0.02839
21.66,-0.06873
21.68,-0.06001
21.7,-0.03898
21.72,-0.0355
21.74,-0.04562
21.76,-0.0533
21.78,-0.04773
21.8,-0.03688
21.82,-0.04238
21.84,-0.08459
21.86,-0.12059
21.88,-0.15447
21.9,-0.12577
21.92,-0.06457
21.94,-0.05415
21.96,-0.10465
21.98,-0.14115
22,-0.13002
22.02,-0.11155
22.04,-0.1048
22.06,-0.13158
22.08,-0.1509
22.1,-0.16832
22.12,-0.15829
22.14,-0.12356
22.16,-0.09831
22.18,-0.10252
22.2,-0.11741
22.22,-0.13052
22.24,-0.14552
22.26,-0.12723
22.28,-0.102
22.3,-0.09201
22.32,-0.07296
22.34,-0.07082
22.36,-0.06791
22.38,-0.04648
22.4,-0.0423
22.42,-0.04545
22.44,-0.08388
22.46,-0.11788
22.48,-0.1093
22.5,-0.07461
22.52,-0.04867
22.54,-0.04762
22.56,-0.07168
22.58,-0.07915
22.6,-0.07171
22.62,-0.06018
22.64,-0.0253
22.66,0.00045
22.68,0.02497
22.7,0.03902
22.72,0.06117
22.74,0.07414
22.76,0.0741
22.78,0.05836
22.8,0.03398
22.82,0.04792
22.84,0.06035
22.86,0.09619
22.88,0.12904
22.9,0.12783
22.92,0.11175
22.94,0.07736
22.96,0.07229
22.98,0.07709
23,0.05832
23.02,0.05168
23.04,0.03913
23.06,0.03768
23.08,0.04712
23.1,0.05836
23.12,0.04344
23.14,0.01255
23.16,0.00935
23.18,0.0243
23.2,0.0533
23.22,0.06846
23.24,0.07366
23.26,0.08208
23.28,0.11615
23.3,0.1207
23.32,0.09322
23.34,0.08003
23.36,0.0785
23.38,0.08198
23.4,0.08867
23.42,0.08063
23.44,0.08504
23.46,0.09654
23.48,0.12313
23.5,0.13183
23.52,0.09833
23.54,0.05783
23.56,0.05899
23.58,0.06399
23.6,0.0467
23.62,0.02143
23.64,0.00447
23.66,0.00793
23.68,0.02253
23.7,0.02381
23.72,0.03468
23.74,0.05407
23.76,0.05832
23.78,0.0501
23.8,0.02105
23.82,0.00853
23.84,0.00522
23.86,0.00781
23.88,-0.00189
23.9,-0.00937
23.92,-0.01196
23.94,-0.00148
23.96,0.0008
23.98,-0.01743
24,-0.03838
24.02,-0.05048
24.04,-0.03857
24.06,-0.03295
24.08,-0.05227
24.1,-0.07735
24.12,-0.08589
24.14,-0.09649
24.16,-0.09892
24.18,-0.0927
24.2,-0.08504
24.22,-0.06457
24.24,-0.06462
24.26,-0.06672
24.28,-0.07754
24.3,-0.08243
24.32,-0.07658
24.34,-0.08113
24.36,-0.09523
24.38,-0.10741
24.4,-0.0863
24.42,-0.06832
24.44,-0.05473
24.46,-0.04784
24.48,-0.03661
24.5,-0.04392
24.52,-0.05591
24.54,-0.0392
24.56,-0.03604
24.58,-0.03075
24.6,-0.02169
24.62,-0.00484
24.64,-0.0091
24.66,-0.0066
24.68,-0.01017
24.7,0.00531
24.72,0.00659
24.74,0.00787
24.76,0.01855
24.78,0.01972
24.8,0.02399
24.82,0.02991
24.84,0.06177
24.86,0.06121
24.88,0.05654
24.9,0.04442
24.92,0.04039
24.94,0.05099
24.96,0.04417
24.98,0.01541
25,0.01924
25.02,0.05077
25.04,0.0753
25.06,0.05688
25.08,0.04098
25.1,0.04572
25.12,0.04271
25.14,0.01588
25.16,0.00813
25.18,0.03669
25.2,0.05108
25.22,0.05642
25.24,0.04677
25.26,0.03527
25.28,0.02337
25.3,0.03958
25.32,0.06851
25.34,0.07517
25.36,0.04941
25.38,0.00498
25.4,-0.02196
25.42,-0.01245
25.44,-0.00949
25.46,0.00325
25.48,0.00842
25.5,-0.00453
25.52,-0.01798
25.54,-0.02725
25.56,-0.02859
25.58,-0.04341
25.6,-0.05967
25.62,-0.07789
25.64,-0.08183
25.66,-0.08745
25.68,-0.08604
25.7,-0.08946
25.72,-0.09731
25.74,-0.07863
25.76,-0.05473
25.78,-0.07649
25.8,-0.10661
25.82,-0.11521
25.84,-0.11165
25.86,-0.09222
25.88,-0.07957
25.9,-0.05867
25.92,-0.03723
25.94,-0.03313
25.96,-0.04453
25.98,-0.04346
26,-0.02958
26.02,-0.00063
26.04,0.03949
26.06,0.05776
26.08,0.0605
26.1,0.04716
26.12,0.05086
26.14,0.06384
26.16,0.09346
26.18,0.13032
26.2,0.14344
26.22,0.15355
26.24,0.13599
26.26,0.10734
26.28,0.08361
26.3,0.09154
26.32,0.11
26.34,0.11948
26.36,0.121
26.38,0.12589
26.4,0.12446
26.42,0.12333
26.44,0.09942
26.46,0.09507
26.48,0.09403
26.5,0.05718
26.52,0.02721
26.54,-0.00355
26.56,0.0009
26.58,-0.01649
26.6,-0.0242
26.62,-0.00902
26.64,-0.00269
26.66,-0.00736
26.68,-0.01577
26.7,-0.02843
26.72,-0.05064
26.74,-0.05951
26.76,-0.08051
26.78,-0.08758
26.8,-0.07992
26.82,-0.07321
26.84,-0.06571
26.86,-0.07022
26.88,-0.09731
26.9,-0.10746
26.92,-0.09458
26.94,-0.07226
26.96,-0.06512
26.98,-0.06827
27,-0.06921
27.02,-0.06433
27.04,-0.04274
27.06,-0.03191
27.08,-0.04065
27.1,-0.04135
27.12,-0.033
27.14,-0.03292
27.16,-0.02131
27.18,0.00977
27.2,-0.00258
27.22,-0.00837
27.24,-0.01191
27.26,-0.01409
27.28,0.00069
27.3,0.01316
27.32,0.02909
27.34,0.03594
27.36,0.01396
27.38,-0.02611
27.4,-0.04002
27.42,-0.05488
27.44,-0.03612
27.46,-0.00894
27.48,0.00442
27.5,0.03329
27.52,0.04724
27.54,0.0426
27.56,0.0081
27.58,-0.00305
27.6,-0.00198
27.62,-0.0021
27.64,0.00991
27.66,0.01982
27.68,0.0598
27.7,0.05349
27.72,0.04202
27.74,0.04014
27.76,0.01797
27.78,0.0123
27.8,0.02335
27.82,0.02885
27.84,0.01718
27.86,0.00158
27.88,-0.01528
27.9,-0.02905
27.92,-0.04445
27.94,-0.03657
27.96,-0.05572
27.98,-0.06741
28,-0.06008
28.02,-0.04964
28.04,-0.03903
28.06,-0.04973
28.08,-0.05388
28.1,-0.07323
28.12,-0.06779
28.14,-0.06336
28.16,-0.07052
28.18,-0.05782
28.2,-0.05225
28.22,-0.04931
28.24,-0.03591
28.26,-0.02537
28.28,-0.02908
28.3,-0.05048
28.32,-0.06179
28.34,-0.05653
28.36,-0.06668
28.38,-0.07732
28.4,-0.0615
28.42,-0.02565
28.44,-0.00723
28.46,-0.00742
28.48,0.0101
28.5,0.04374
28.52,0.06819
28.54,0.08379
28.56,0.11045
28.58,0.12368
28.6,0.11142
28.62,0.1154
28.64,0.12603
28.66,0.1339
28.68,0.13766
28.7,0.16488
28.72,0.17561
28.74,0.15938
28.76,0.14221
28.78,0.14232
28.8,0.14614
28.82,0.13707
28.84,0.13338
28.86,0.12726
28.88,0.13778
28.9,0.14368
28.92,0.14049
28.94,0.11074
28.96,0.09773
28.98,0.07735
29,0.06945
29.02,0.06473
29.04,0.0537
29.06,0.03518
29.08,0.00645
29.1,-0.02158
29.12,-0.03192
29.14,-0.02771
29.16,-0.04456
29.18,-0.04894
29.2,-0.06233
29.22,-0.06987
29.24,-0.07801
29.26,-0.07301
29.28,-0.04921
29.3,-0.03797
29.32,-0.04334
29.34,-0.0655
29.36,-0.07825
29.38,-0.07492
29.4,-0.05827
29.42,-0.04136
29.44,-0.03321
29.46,-0.05765
29.48,-0.07562
29.5,-0.07235
29.52,-0.07042
29.54,-0.03329
29.56,-0.01305
29.58,-0.0034
29.6,-0.00644
29.62,-0.01926
29.64,-0.02834
29.66,-0.02628
29.68,-0.02447
29.7,-0.00942
29.72,-0.00499
29.74,-0.01524
29.76,-0.00232
29.78,0.01457
29.8,0.0104
29.82,0.01513
29.84,0.01942
29.86,0.01172
29.88,0.01678
29.9,0.01325
29.92,0.00762
29.94,-0.01135
29.96,-0.00371
29.98,0.00712
30,0.00069
30.02,-0.01607
30.04,-0.02762
30.06,-0.03142
30.08,-0.04792
30.1,-0.05779
30.12,-0.03467
30.14,-0.03208
30.16,-0.05181
30.18,-0.07119
30.2,-0.10043
30.22,-0.12346
30.24,-0.11622
30.26,-0.08853
30.28,-0.07677
30.3,-0.08073
30.32,-0.10559
30.34,-0.10706
30.36,-0.10745
30.38,-0.10705
30.4,-0.09753
30.42,-0.08913
30.44,-0.09711
30.46,-0.11787
30.48,-0.10571
30.5,-0.09355
30.52,-0.08324
30.54,-0.05881
30.56,-0.02868
30.58,-0.00249
30.6,0.00063
30.62,0.00395
30.64,0.0028
30.66,0.01717
30.68,0.04605
30.7,0.02846
30.72,0.01264
30.74,0.03537
30.76,0.06249
30.78,0.05675
30.8,0.04998
30.82,0.05748
30.84,0.0361
30.86,0.02988
30.88,0.04169
30.9,0.05673
30.92,0.06545
30.94,0.07748
30.96,0.08443
30.98,0.07322
31,0.04602
31.02,0.02556
31.04,0.02184
31.06,0.01961
31.08,0.0142
31.1,0.02406
31.12,0.03947
31.14,0.02893
31.16,0.03259
31.18,0.03959
31.2,0.03289
31.22,0.03296
31.24,0.02675
31.26,0.03306
31.28,0.06307
31.3,0.06071
31.32,0.05959
31.34,0.07061
31.36,0.07014
31.38,0.05292
31.4,0.04064
31.42,0.00774
31.44,0.00215
31.46,0.01806
31.48,0.00906
31.5,0.0136
31.52,0.03145
31.54,0.04399
31.56,0.02641
31.58,0.02056
31.6,0.02387
31.62,0.02873
31.64,0.02022
31.66,0.00586
31.68,0.01271
31.7,0.02594
31.72,0.02647
31.74,0.01487
31.76,0.00804
31.78,-0.01067
31.8,-0.03169
31.82,-0.03283
31.84,-0.02082
31.86,0.00107
31.88,0.02028
31.9,0.01837
31.92,0.02111
31.94,0.00566
31.96,-0.02135
31.98,-0.04161
32,-0.04775
32.02,-0.03914
32.04,-0.03245
32.06,-0.02964
32.08,-0.02127
32.1,-0.01866
32.12,-0.01223
32.14,-0.01179
32.16,-0.03008
32.18,-0.01812
32.2,-0.00404
32.22,0.00538
32.24,0.00762
32.26,0.0044
32.28,0.0109
32.3,0.01457
32.32,0.01874
32.34,0.03279
32.36,0.03279
32.38,0.02621
32.4,0.01416
32.42,0.00619
32.44,-0.00932
32.46,-0.03156
32.48,-0.02389
32.5,-0.02024
32.52,-0.02923
32.54,-0.01168
32.56,-0.0038
32.58,-0.01892
32.6,-0.02213
32.62,-0.03581
32.64,-0.03391
32.66,-0.01322
32.68,-0.01131
32.7,-0.02987
32.72,-0.04793
32.74,-0.03947
32.76,-0.02386
32.78,-0.01352
32.8,-0.01461
32.82,-0.02258
32.84,-0.02251
32.86,-0.02997
32.88,-0.03196
32.9,-0.02801
32.92,-0.00888
32.94,0.00244
32.96,-0.005
32.98,-0.00544
33,-0.01645
33.02,-0.02512
33.04,-0.01824
33.06,-0.02196
33.08,-0.02334
33.1,-0.01861
33.12,-0.0197
33.14,-0.00834
33.16,-0.03296
33.18,-0.03801
33.2,-0.02869
33.22,-0.00818
33.24,0.00404
33.26,-0.00257
33.28,-0.01299
33.3,-0.01088
33.32,0.00036
33.34,0.0041
33.36,0.0111
33.38,0.01773
33.4,0.02355
33.42,0.01618
33.44,0.0148
33.46,0.03539
33.48,0.0524
33.5,0.06789
33.52,0.07753
33.54,0.06843
33.56,0.05734
33.58,0.04303
33.6,0.04859
33.62,0.04156
33.64,0.05074
33.66,0.05726
33.68,0.06253
33.7,0.06345
33.72,0.06949
33.74,0.0591
33.76,0.04608
33.78,0.02952
33.8,0.03398
33.82,0.03997
33.84,0.05284
33.86,0.05435
33.88,0.04908
33.9,0.04775
33.92,0.02253
33.94,0.02015
33.96,0.00682
33.98,0.00092
34,-0.01584
34.02,-0.02092
34.04,-0.02636
34.06,-0.03031
34.08,-0.0157
34.1,-0.0068
34.12,0.00109
34.14,-0.01932
34.16,-0.02801
34.18,-0.05034
34.2,-0.04618
34.22,-0.04404
34.24,-0.05241
34.26,-0.04307
34.28,-0.05004
34.3,-0.04035
34.32,-0.05118
34.34,-0.04907
34.36,-0.05144
34.38,-0.03618
34.4,-0.01446
34.42,-0.01187
34.44,-0.00666
34.46,-0.00101
34.48,0.0042
34.5,-0.00038
34.52,0.02607
34.54,0.03304
34.56,0.03222
34.58,0.01734
34.6,0.02283
34.62,0.02543
34.64,0.00938
34.66,0.00952
34.68,0.00077
34.7,0.00352
34.72,0.00065
34.74,0.01422
34.76,-0.00098
34.78,-0.01696
34.8,-0.02693
34.82,-0.02889
34.84,-0.00269
34.86,-0.01106
34.88,-0.03509
34.9,-0.04296
34.92,-0.05271
34.94,-0.06311
34.96,-0.0567
34.98,-0.05295
35,-0.0561
35.02,-0.05195
35.04,-0.04781
35.06,-0.05826
35.08,-0.06396
35.1,-0.0656
35.12,-0.06158
35.14,-0.04124
35.16,-0.0352
35.18,-0.04134
35.2,-0.04264
35.22,-0.04761
35.24,-0.03068
35.26,-0.01834
35.28,-0.01821
35.3,-0.01194
35.32,-0.00606
35.34,0.00487
35.36,0.01252
35.38,0.01161
35.4,0.00675
35.42,0.01807
35.44,0.02055
35.46,0.02875
35.48,0.04554
35.5,0.03815
35.52,0.02842
35.54,0.0325
35.56,0.03622
35.58,0.03131
35.6,0.03364
35.62,0.04673
35.64,0.03991
35.66,0.02854
35.68,0.03087
35.7,0.03002
35.72,0.03998
35.74,0.04397
35.76,0.04226
35.78,0.03907
35.8,0.04391
35.82,0.05491
35.84,0.05645
35.86,0.0386
35.88,0.0247
35.9,0.02666
35.92,0.00462
35.94,0.01248
35.96,0.0106
35.98,-0.00303
36,-0.01122
36.02,-0.02448
36.04,-0.02915
36.06,-0.02981
36.08,-0.01985
36.1,-0.00595
36.12,-0.00401
36.14,-0.00518
36.16,-0.00238
36.18,-0.00286
36.2,-0.00117
36.22,-0.00312
36.24,-0.01134
36.26,-0.01361
36.28,0.00768
36.3,0.01673
36.32,0.01575
36.34,0.01631
36.36,0.01879
36.38,0.02855
36.4,0.03886
36.42,0.04525
36.44,0.05025
36.46,0.03953
36.48,0.04245
36.5,0.03996
36.52,0.04048
36.54,0.03548
36.56,0.04102
36.58,0.05397
36.6,0.05622
36.62,0.06973
36.64,0.05628
36.66,0.05357
36.68,0.05286
36.7,0.05787
36.72,0.06163
36.74,0.05039
36.76,0.04905
36.78,0.03887
36.8,0.04706
36.82,0.04381
36.84,0.04705
36.86,0.06477
36.88,0.05854
36.9,0.04177
36.92,0.03444
36.94,0.03023
36.96,0.02577
36.98,0.02339
37,0.01065
37.02,0.01373
37.04,0.01357
37.06,0.00928
37.08,0.01847
37.1,0.01458
37.12,0.0128
37.14,0.00832
37.16,-0.00664
37.18,-0.01964
37.2,-0.02019
37.22,-0.02429
37.24,-0.02727
37.26,-0.04483
37.28,-0.0516
37.3,-0.06116
37.32,-0.07295
37.34,-0.08018
37.36,-0.10512
37.38,-0.10342
37.4,-0.11726
37.42,-0.11893
37.44,-0.10663
37.46,-0.10808
37.48,-0.11377
37.5,-0.10583
37.52,-0.11228
37.54,-0.10955
37.56,-0.09407
37.58,-0.0922
37.6,-0.08667
37.62,-0.09083
37.64,-0.0938
37.66,-0.08214
37.68,-0.06824
37.7,-0.06468
37.72,-0.04608
37.74,-0.04173
37.76,-0.03603
37.78,-0.03508
37.8,-0.02335
37.82,-0.02537
37.84,-0.0125
37.86,0.01007
37.88,0.00547
37.9,-0.00001
37.92,-0.01368
37.94,-0.01288
37.96,-0.01837
37.98,-0.01253
38,-0.01622
38.02,-0.01391
38.04,-0.00812
38.06,-0.00709
38.08,-0.00493
38.1,0.00141
38.12,0.02058
38.14,0.02524
38.16,0.03601
38.18,0.02226
38.2,0.02922
38.22,0.03201
38.24,0.02543
38.26,0.03166
38.28,0.03478
38.3,0.04619
38.32,0.04704
38.34,0.04234
38.36,0.04067
38.38,0.04029
38.4,0.04348
38.42,0.03145
38.44,0.0221
38.46,0.03227
38.48,0.03278
38.5,0.03154
38.52,0.02566
38.54,0.02929
38.56,0.02749
38.58,0.02615
38.6,0.00711
38.62,-0.00212
38.64,0.0022
38.66,0.00658
38.68,0.0056
38.7,0.00319
38.72,0.00268
38.74,-0.00044
38.76,-0.00504
38.78,-0.02334
38.8,-0.02615
38.82,-0.02801
38.84,-0.02437
38.86,-0.02196
38.88,-0.02543
38.9,-0.0329
38.92,-0.04571
38.94,-0.0376
38.96,-0.03003
38.98,-0.02625
39,-0.04007
39.02,-0.0475
39.04,-0.04917
39.06,-0.05228
39.08,-0.04909
39.1,-0.05212
39.12,-0.05507
39.14,-0.05426
39.16,-0.06234
39.18,-0.07202
39.2,-0.05142
39.22,-0.03478
39.24,-0.00825
39.26,-0.01312
39.28,-0.01174
39.3,-0.00428
39.32,-0.01377
39.34,-0.01372
39.36,-0.01276
39.38,-0.00265
39.4,0.00431
39.42,0.005
39.44,0.01473
39.46,0.02791
39.48,0.03215
39.5,0.03843
39.52,0.0465
39.54,0.0616
39.56,0.07089
39.58,0.071
39.6,0.06288
39.62,0.06219
39.64,0.06521
39.66,0.07869
39.68,0.07672
39.7,0.08135
39.72,0.08395
39.74,0.07912
39.76,0.07103
39.78,0.06154
39.8,0.0622
39.82,0.06542
39.84,0.06306
39.86,0.05796
39.88,0.05819
39.9,0.05533
39.92,0.05632
39.94,0.05137
39.96,0.06044
39.98,0.05646
40,0.04304
40.02,0.03889
40.04,0.04284
40.06,0.04144
40.08,0.04745
40.1,0.04043
40.12,0.03879
40.14,0.02915
40.16,0.01289
40.18,0.00879
40.2,0.00758
40.22,0.00761
40.24,0.00235
40.26,-0.00629
40.28,-0.01508
40.3,0.00193
40.32,0.01087
40.34,0.01261
40.36,0.01192
40.38,0.00167
40.4,0.00387
40.42,0.00638
40.44,0.01119
40.46,0.00704
40.48,0.00788
40.5,0.00004
40.52,-0.01424
40.54,-0.02152
40.56,-0.02315
40.58,-0.02207
40.6,-0.01926
40.62,-0.01656
40.64,-0.01762
40.66,-0.02324
40.68,-0.031
40.7,-0.02878
40.72,-0.03576
40.74,-0.03921
40.76,-0.04351
40.78,-0.03178
40.8,-0.02627
40.82,-0.03018
40.84,-0.0257
40.86,-0.01445
40.88,-0.01
40.9,-0.00457
40.92,-0.0001
40.94,0.00525
40.96,0.00945
40.98,0.012
41,0.01526
41.02,0.00584
41.04,0.00686
41.06,0.0157
41.08,0.0253
41.1,0.02375
41.12,0.01449
41.14,0.0173
41.16,0.01298
41.18,0.01219
41.2,0.00613
41.22,0.00014
41.24,0.002
41.26,0.00105
41.28,0.01278
41.3,0.00572
41.32,-0.00565
41.34,-0.00678
41.36,0.00564
41.38,0.0092
41.4,0.00188
41.42,-0.00299
41.44,-0.01847
41.46,-0.01287
41.48,-0.01075
41.5,-0.01352
41.52,-0.01322
41.54,-0.00998
41.56,-0.02125
41.58,-0.02939
41.6,-0.03304
41.62,-0.02649
41.64,-0.01995
41.66,-0.01757
41.68,-0.01717
41.7,-0.0231
41.72,-0.03553
41.74,-0.03924
41.76,-0.02338
41.78,-0.02536
41.8,-0.02532
41.82,-0.03382
41.84,-0.04063
41.86,-0.0485
41.88,-0.05724
41.9,-0.06428
41.92,-0.06433
41.94,-0.05403
41.96,-0.05561
41.98,-0.04838
42,-0.05029
42.02,-0.05835
42.04,-0.06249
42.06,-0.06395
42.08,-0.0706
42.1,-0.06929
42.12,-0.06901
42.14,-0.06027
42.16,-0.05924
42.18,-0.06529
42.2,-0.04926
42.22,-0.04884
42.24,-0.05159
42.26,-0.05216
42.28,-0.05019
42.3,-0.06957
42.32,-0.06853
42.34,-0.04841
42.36,-0.03789
42.38,-0.03903
42.4,-0.03127
42.42,-0.02447
42.44,-0.01568
42.46,-0.00685
42.48,-0.00325
42.5,-0.00416
42.52,-0.00174
42.54,-0.00146
42.56,0.00559
42.58,0.02077
42.6,0.02072
42.62,0.03126
42.64,0.03904
42.66,0.03672
42.68,0.0353
42.7,0.0554
42.72,0.05357
42.74,0.05949
42.76,0.07063
42.78,0.06372
42.8,0.06885
42.82,0.07036
42.84,0.06438
42.86,0.07122
42.88,0.07624
42.9,0.06561
42.92,0.06615
42.94,0.07433
42.96,0.08245
42.98,0.078
43,0.07729
43.02,0.06452
43.04,0.06567
43.06,0.07207
43.08,0.05851
43.1,0.05557
43.12,0.05607
43.14,0.05002
43.16,0.04145
43.18,0.03505
43.2,0.02509
43.22,0.02094
43.24,0.01461
43.26,0.00622
43.28,0.00275
43.3,0.00369
43.32,0.00058
43.34,0.00604
43.36,0.00239
43.38,-0.00788
43.4,0.00064
43.42,0.00255
43.44,0.00245
43.46,0.00842
43.48,0.00569
43.5,-0.01337
43.52,-0.01866
43.54,-0.02242
43.56,-0.02611
43.58,-0.0246
43.6,-0.02724
43.62,-0.02576
43.64,-0.02615
43.66,-0.01156
43.68,-0.00018
43.7,-0.01439
43.72,-0.0257
43.74,-0.02448
43.76,-0.02135
43.78,-0.01641
43.8,-0.01648
43.82,-0.01267
43.84,-0.01242
43.86,-0.0197
43.88,-0.0117
43.9,-0.00249
43.92,0.00302
43.94,0.0025
43.96,0.00095
43.98,0.00699
44,0.00707
44.02,0.01349
44.04,0.01095
44.06,0.01252
44.08,0.0083
44.1,0.00604
44.12,0.0095
44.14,0.01452
44.16,0.02265
44.18,0.01754
44.2,0.02746
44.22,0.02386
44.24,0.02779
44.26,0.02637
44.28,0.02528
44.3,0.01543
44.32,0.01286
44.34,0.01394
44.36,0.01377
44.38,0.00993
44.4,0.00468
44.42,0.00945
44.44,-0.00053
44.46,0.00278
44.48,-0.0023
44.5,0.01054
44.52,0.00314
44.54,-0.00664
44.56,-0.00722
44.58,-0.0169
44.6,-0.0098
44.62,-0.00802
44.64,-0.00656
44.66,-0.00089
44.68,0.01117
44.7,0.01207
44.72,0.0007
44.74,0.00036
44.76,-0.00407
44.78,-0.00292
44.8,0.00317
44.82,0.00948
44.84,0.01503
44.86,0.02252
44.88,0.01679
44.9,0.00906
44.92,0.00845
44.94,0.00873
44.96,0.01052
44.98,0.0063
45,-0.00793
45.02,-0.01361
45.04,-0.01877
45.06,-0.02897
45.08,-0.02375
45.1,-0.03252
45.12,-0.03821
45.14,-0.04264
45.16,-0.05139
45.18,-0.05492
45.2,-0.05309
45.22,-0.05839
45.24,-0.05345
45.26,-0.06157
45.28,-0.06
45.3,-0.05478
45.32,-0.06034
45.34,-0.05597
45.36,-0.04701
45.38,-0.03413
45.4,-0.03057
45.42,-0.03226
45.44,-0.03419
45.46,-0.03519
45.48,-0.03045
45.5,-0.01825
45.52,-0.01079
45.54,-0.01439
45.56,-0.01355
45.58,-0.00243
45.6,-0.00168
45.62,0.00522
45.64,0.00745
45.66,0.01593
45.68,0.02281
45.7,0.0335
45.72,0.04394
45.74,0.04557
45.76,0.04373
45.78,0.04876
45.8,0.04311
45.82,0.0412
45.84,0.04146
45.86,0.04557
45.88,0.06174
45.9,0.05192
45.92,0.04771
45.94,0.04466
45.96,0.04358
45.98,0.0382
46,0.03673
46.02,0.0421
46.04,0.04104
46.06,0.05083
46.08,0.0479
46.1,0.04236
46.12,0.04416
46.14,0.04699
46.16,0.03653
46.18,0.02698
46.2,0.01981
46.22,0.01015
46.24,-0.00068
46.26,0.00371
46.28,0.01311
46.3,0.00668
46.32,-0.00572
46.34,-0.01817
46.36,-0.00589
46.38,-0.00258
46.4,-0.01338
46.42,-0.01129
46.44,-0.01709
46.46,-0.01421
46.48,-0.00904
46.5,-0.01194
46.52,-0.01575
46.54,-0.01456
46.56,-0.01026
46.58,-0.01622
46.6,-0.0194
46.62,-0.01454
46.64,-0.01802
46.66,-0.01791
46.68,-0.02025
46.7,-0.02102
46.72,-0.02656
46.74,-0.03018
46.76,-0.02143
46.78,-0.02172
46.8,-0.0104
46.82,-0.01255
46.84,-0.01272
46.86,-0.02408
46.88,-0.01643
46.9,-0.01782
46.92,-0.0346
46.94,-0.03644
46.96,-0.04423
46.98,-0.04256
47,-0.04364
47.02,-0.03873
47.04,-0.04002
47.06,-0.02768
47.08,-0.01868
47.1,-0.03683
47.12,-0.04493
47.14,-0.04035
47.16,-0.04484
47.18,-0.03111
47.2,-0.02067
47.22,-0.0195
47.24,-0.01972
47.26,-0.03072
47.28,-0.02367
47.3,-0.01706
47.32,-0.01377
47.34,-0.01547
47.36,-0.01978
47.38,-0.01494
47.4,-0.00863
47.42,0.00173
47.44,-0.00103
47.46,-0.01049
47.48,-0.01357
47.5,-0.01537
47.52,-0.01498
47.54,-0.00725
47.56,0.00462
47.58,0.00534
47.6,0.0009
47.62,-0.00439
47.64,-0.01182
47.66,-0.01574
47.68,-0.0217
47.7,-0.02586
47.72,-0.01727
47.74,-0.01336
47.76,-0.01388
47.78,-0.00396
47.8,-0.00828
47.82,-0.00291
47.84,-0.00347
47.86,-0.01128
47.88,0.00481
47.9,0.0087
47.92,0.0129
47.94,0.01874
47.96,0.02493
47.98,0.02667
48,0.03987
48.02,0.04441
48.04,0.04549
48.06,0.05275
48.08,0.0585
48.1,0.05648
48.12,0.05191
48.14,0.06269
48.16,0.06193
48.18,0.06218
48.2,0.06613
48.22,0.06375
48.24,0.04606
48.26,0.045
48.28,0.05679
48.3,0.05146
48.32,0.05948
48.34,0.05706
48.36,0.06489
48.38,0.06591
48.4,0.06383
48.42,0.05463
48.44,0.04357
48.46,0.04202
48.48,0.04301
48.5,0.04308
48.52,0.02711
48.54,0.02574
48.56,0.01745
48.58,0.01317
48.6,0.01212
48.62,0.0143
48.64,-0.00466
48.66,-0.00592
48.68,0.00508
48.7,0.00334
48.72,-0.00205
48.74,-0.00663
48.76,-0.01001
48.78,-0.00502
48.8,-0.01066
48.82,-0.01791
48.84,-0.0161
48.86,-0.01124
48.88,-0.0133
48.9,-0.01505
48.92,-0.01809
48.94,-0.02316
48.96,-0.02464
48.98,-0.01769
49,-0.01254
49.02,-0.00989
49.04,-0.00615
49.06,-0.01468
49.08,-0.0107
49.1,-0.00596
49.12,-0.0078
49.14,-0.00832
49.16,-0.00936
49.18,-0.01643
49.2,-0.00598
49.22,-0.01107
49.24,-0.00649
49.26,-0.00804
49.28,-0.00883
49.3,-0.01243
49.32,-0.01243
49.34,-0.01288
49.36,-0.00614
49.38,0.00047
49.4,-0.01339
49.42,-0.01246
49.44,-0.01828
49.46,-0.01739
49.48,-0.02028
49.5,-0.01845
49.52,-0.01865
49.54,-0.01822
49.56,-0.01255
49.58,-0.02288
49.6,-0.02812
49.62,-0.02225
49.64,-0.03389
49.66,-0.02542
49.68,-0.02626
49.7,-0.03058
49.72,-0.03518
49.74,-0.03994
49.76,-0.04326
49.78,-0.04501
49.8,-0.04373
49.82,-0.04508
49.84,-0.04397
49.86,-0.04151
49.88,-0.04361
49.9,-0.04505
49.92,-0.05623
49.94,-0.05322
49.96,-0.04473
49.98,-0.04594
50,-0.03783
50.02,-0.04847
50.04,-0.04272
50.06,-0.05089
50.08,-0.05244
50.1,-0.05072
50.12,-0.05202
50.14,-0.0413
50.16,-0.04745
50.18,-0.03682
50.2,-0.03005
50.22,-0.02744
50.24,-0.02426
50.26,-0.02291
50.28,-0.01666
50.3,-0.0166
50.32,-0.02525
50.34,-0.02229
50.36,-0.01333
50.38,-0.0179
50.4,-0.00993
50.42,-0.00288
50.44,0.01382
50.46,0.01762
50.48,0.01409
50.5,0.02305
50.52,0.03737
50.54,0.04219
50.56,0.05223
50.58,0.048
50.6,0.04909
50.62,0.06646
50.64,0.0648
50.66,0.07036
50.68,0.05889
50.7,0.06266
50.72,0.06177
50.74,0.07692
50.76,0.07896
50.78,0.07218
50.8,0.07448
50.82,0.06596
50.84,0.05168
50.86,0.04206
50.88,0.05778
50.9,0.06149
50.92,0.05875
50.94,0.06021
50.96,0.05498
50.98,0.04413
51,0.04167
51.02,0.03875
51.04,0.04521
51.06,0.03172
51.08,0.02526
51.1,0.02604
51.12,0.02398
51.14,0.01375
51.16,0.01767
51.18,0.02217
51.2,0.00793
51.22,0.00777
51.24,0.00848
51.26,0.00667
51.28,0.0086
51.3,0.01714
51.32,0.01664
51.34,0.00609
51.36,0.00975
51.38,0.00907
51.4,0.00639
51.42,0.00411
51.44,0.00149
51.46,0.00872
51.48,0.00356
51.5,0.00807
51.52,0.00176
51.54,-0.00093
51.56,-0.01106
51.58,-0.01717
51.6,-0.00948
51.62,-0.01561
51.64,-0.01853
51.66,-0.0164
51.68,-0.01754
51.7,-0.02295
51.72,-0.02418
51.74,-0.02432
51.76,-0.0321
51.78,-0.02275
51.8,-0.02142
51.82,-0.02472
51.84,-0.02804
51.86,-0.02337
51.88,-0.01802
51.9,-0.01475
51.92,-0.01699
51.94,-0.02279
51.96,-0.01743
51.98,-0.0159
52,-0.0082
52.02,-0.01913
52.04,-0.00828
52.06,-0.00151
52.08,-0.01035
52.1,-0.01185
52.12,-0.00534
52.14,0.01333
52.16,0.00657
52.18,-0.00893
52.2,-0.00638
52.22,0.00541
52.24,0.00443
52.26,0.002
52.28,0.00411
52.3,-0.00503
52.32,0.00461
52.34,0.00541
52.36,0.00833
52.38,0.0119
52.4,0.00324
52.42,0.00073
52.44,0.00056
52.46,-0.00583
52.48,-0.01778
52.5,-0.01833
52.52,-0.02238
52.54,-0.00897
52.56,-0.01327
52.58,-0.02816
52.6,-0.02746
52.62,-0.02741
52.64,-0.02249
52.66,-0.03596
52.68,-0.02826
52.7,-0.02192
52.72,-0.02434
52.74,-0.02267
52.76,-0.01745
52.78,-0.00655
52.8,-0.01001
52.82,-0.02172
52.84,-0.02457
52.86,-0.02304
52.88,-0.02224
52.9,-0.01642
52.92,-0.02545
52.94,-0.02137
52.96,-0.01856
52.98,-0.0149
53,-0.01772
53.02,-0.02293
53.04,-0.02336
53.06,-0.02241
53.08,-0.01529
53.1,-0.0185
53.12,-0.01448
53.14,-0.01278
53.16,-0.0083
53.18,-0.01361
53.2,-0.00694
53.22,-0.01678
53.24,-0.00757
53.26,-0.00276
53.28,-0.0114
53.3,0.00374
53.32,-0.00373
53.34,-0.00489
53.36,-0.00362
53.38,0.00192
53.4,0.0018
53.42,0.01126
53.44,0.001
53.46,-0.00061
53.48,0.00084
53.5,0.00885
53.52,0.02196
53.54,0.01794
53.56,0.01628
53.58,0.01582
53.6,0.01778
53.62,0.00563
53.64,0.01197
53.66,0.01998
53.68,0.02508
53.7,0.03263
53.72,0.01837
53.74,0.01779
53.76,0.02237
53.78,0.0235
53.8,0.03239
53.82,0.03493
53.84,0.0339
53.86,0.03521
53.88,0.04667
53.9,0.04151
53.92,0.02878
53.94,0.02515
53.96,0.03038
53.98,0.03162
54,0.02782
54.02,0.03544
54.04,0.04224
54.06,0.04154
54.08,0.03264
54.1,0.0327
54.12,0.01994
54.14,0.02257
54.16,0.03215
54.18,0.02299
54.2,0.02477
54.22,0.01984
54.24,0.01801
54.26,0.01814
54.28,0.01277
54.3,0.01608
54.32,0.02194
54.34,0.02113
54.36,0.02374
54.38,0.01711
54.4,0.01021
54.42,0.00951
54.44,0.00638
54.46,0.00183
54.48,0.01137
54.5,0.00617
54.52,0.00084
54.54,0.00398
54.56,0.00273
54.58,0.0008
54.6,-0.00578
54.62,-0.00375
54.64,-0.00395
54.66,-0.00827
54.68,-0.01662
54.7,-0.00814
54.72,-0.01542
54.74,-0.0093
54.76,-0.01471
54.78,-0.0186
54.8,-0.02106
54.82,-0.0339
54.84,-0.02563
54.86,-0.02517
54.88,-0.01909
54.9,-0.02167
54.92,-0.01894
54.94,-0.02111
54.96,-0.02956
54.98,-0.02349
55,-0.03044
55.02,-0.03217
55.04,-0.02398
55.06,-0.01862
55.08,-0.01777
55.1,-0.02269
55.12,-0.01237
55.14,-0.00987
55.16,-0.01204
55.18,-0.00759
55.2,-0.00522
55.22,-0.00838
55.24,0.00302
55.26,0.00321
55.28,0.00166
55.3,0.00216
55.32,0.00415
55.34,0.0113
55.36,0.00572
55.38,0.00619
55.4,0.00039
55.42,-0.00219
55.44,0.01084
55.46,0.01565
55.48,0.02188
55.5,0.02246
55.52,0.02965
55.54,0.02951
55.56,0.02665
55.58,0.01175
55.6,0.01295
55.62,0.01129
55.64,0.00693
55.66,0.01102
55.68,-0.00116
55.7,0.01061
55.72,0.00151
55.74,-0.00345
55.76,-0.0044
55.78,-0.00977
55.8,-0.00902
55.82,-0.01323
55.84,-0.00612
55.86,0.00343
55.88,-0.01169
55.9,-0.02136
55.92,-0.01851
55.94,-0.02382
55.96,-0.03935
55.98,-0.02701
56,-0.02053
56.02,-0.03453
56.04,-0.01873
56.06,-0.0357
56.08,-0.02886
56.1,-0.02447
56.12,-0.02653
56.14,-0.00978
56.16,-0.01468
56.18,-0.01914
56.2,-0.02124
56.22,-0.02181
56.24,-0.02555
56.26,-0.02234
56.28,-0.02574
56.3,-0.01274
56.32,-0.01678
56.34,-0.01933
56.36,-0.02463
56.38,-0.01277
56.4,-0.01339
56.42,-0.02094
56.44,-0.01921
56.46,-0.01688
56.48,-0.00445
56.5,-0.00516
56.52,0.00336
56.54,-0.00248
56.56,0.00187
56.58,-0.00072
56.6,-0.00235
56.62,-0.00742
56.64,-0.00787
56.66,-0.00193
56.68,0.00439
56.7,0.00023
56.72,0.00409
56.74,0.01078
56.76,0.0178
56.78,0.0142
56.8,0.00571
56.82,0.00504
56.84,0.00872
56.86,0.01775
56.88,0.00376
56.9,0.01956
56.92,0.0127
56.94,0.00553
56.96,0.00243
56.98,0.00207
57,0.00814
57.02,0.00328
57.04,0.01972
57.06,0.01666
57.08,0.01073
57.1,0.0115
57.12,0.01696
57.14,0.02674
57.16,0.02182
57.18,0.02513
57.2,0.01795
57.22,0.0178
57.24,0.005
57.26,0.0027
57.28,0.0147
57.3,0.01866
57.32,0.01419
57.34,0.02129
57.36,0.01709
57.38,-0.00142
57.4,0.00317
57.42,-0.00601
57.44,0.00327
57.46,-0.00151
57.48,-0.00389
57.5,-0.00009
57.52,-0.00665
57.54,-0.00134
57.56,-0.00551
57.58,-0.01363
57.6,-0.00197
57.62,-0.00748
57.64,-0.0045
57.66,-0.00746
57.68,-0.02095
57.7,-0.01794
57.72,-0.02159
57.74,-0.01497
57.76,-0.01353
57.78,-0.00478
57.8,-0.01594
57.82,-0.02393
57.84,-0.02219
57.86,-0.01191
57.88,-0.01414
57.9,-0.01664
57.92,-0.00951
57.94,-0.00176
57.96,-0.00014
57.98,-0.01626
58,-0.01712
58.02,-0.01811
58.04,-0.00316
58.06,-0.0126
58.08,-0.00932
58.1,-0.01077
58.12,-0.00976
58.14,-0.00376
58.16,-0.00696
58.18,-0.00134
58.2,-0.01198
58.22,-0.01638
58.24,-0.01385
58.26,-0.01259
58.28,-0.01024
58.3,-0.00862
58.32,-0.0137
58.34,-0.00869
58.36,-0.00551
58.38,-0.00403
58.4,-0.00431
58.42,-0.00705
58.44,-0.01388
58.46,-0.01623
58.48,-0.00282
58.5,-0.00109
58.52,-0.00196
58.54,0.00472
58.56,0.00829
58.58,0.00744
58.6,0.01551
58.62,0.01608
58.64,0.02407
58.66,0.01979
58.68,0.01453
58.7,0.00592
58.72,-0.00167
58.74,0.00458
58.76,-0.00208
58.78,0.00469
58.8,-0.00241
58.82,0.00039
58.84,0.00238
58.86,-0.00346
58.88,0.00186
58.9,-0.00604
58.92,0.00137
58.94,-0.00113
58.96,0.00228
58.98,-0.00104
59,-0.00389
59.02,0.01059
59.04,0.01205
59.06,0.01352
59.08,0.01503
59.1,0.01655
59.12,0.01429
59.14,0.01385
59.16,0.01599
59.18,0.01391
59.2,0.00751
59.22,0.01553
59.24,0.016
59.26,0.0209
59.28,0.0163
59.3,0.01479
59.32,0.00366
59.34,0.0049
59.36,0.01411
59.38,0.01107
59.4,0.00461
59.42,0.00364
59.44,0.00831
59.46,0.00697
59.48,0.01039
59.5,0.00758
59.52,0.00133
59.54,0.00728
59.56,0.01744
59.58,0.00535
59.6,0.00688
59.62,0.01422
59.64,0.01413
59.66,-0.00119
59.68,0.00722
59.7,0.00258
59.72,-0.00082
59.74,0.00307
59.76,0.00242
59.78,0.00632
59.8,-0.00485
59.82,0.00687
59.84,-0.00679
59.86,-0.01158
59.88,0.00096
59.9,-0.00515
59.92,-0.00524
59.94,-0.00798
59.96,0.00217
59.98,-0.00601
